{
  "project_info": {
    "project_number": "1053055643055",
    "firebase_url": "https://todaytraining-891d0.firebaseio.com",
    "project_id": "todaytraining-891d0",
    "storage_bucket": "todaytraining-891d0.appspot.com"
  },
  "client": [
    {
      "client_info": {
        "mobilesdk_app_id": "1:1053055643055:android:445a8373bea28333c8935a",
        "android_client_info": {
          "package_name": "androidtown.org.tt"
        }
      },
      "oauth_client": [
        {
          "client_id": "1053055643055-pm9jkmuksqiglmjhnsrrl3fr0t9pkr6h.apps.googleusercontent.com",
          "client_type": 1,
          "android_info": {
            "package_name": "androidtown.org.tt",
            "certificate_hash": "b2bf7f2bfa8159daf78564f7d42564c5a9a859c5"
          }
        },
        {
          "client_id": "1053055643055-if7fceba92mp5qj6asg5b06tm1gks1v9.apps.googleusercontent.com",
          "client_type": 3
        }
      ],
      "api_key": [
        {
          "current_key": "AIzaSyCs3vaxHss9DUDxxNfrjptyeni1ntBstKI"
        }
      ],
      "services": {
        "appinvite_service": {
          "other_platform_oauth_client": [
            {
              "client_id": "1053055643055-if7fceba92mp5qj6asg5b06tm1gks1v9.apps.googleusercontent.com",
              "client_type": 3
            }
          ]
        }
      }
    }
  ],
  "configuration_version": "1"
}